,Feature Selection + Decomposition_Positive,Feature Selection + Decomposition_Negative
Random Forest,0.7648809523809523,0.723404255319149
XGBoost,0.8095238095238095,0.7340425531914894
LightGBM,0.8303571428571429,0.776595744680851
Keras,0.6458333333333334,0.5638297948431461
