,Accuracy,Time
HCD35_Positive,68.45238095238095,55.59096145629883
HCD45_Positive,68.45238095238095,72.93074917793274
HCD65_Positive,69.04761904761905,104.72074770927429
HCD35_Negative,65.9574474426026,9.178800106048584
HCD45_Negative,64.8936167676398,11.49411416053772
HCD65_Negative,65.957447569421,16.82921314239502
