,Accuracy,Time
HCD35_Positive,67.55952380952381,55.32167625427246
HCD45_Positive,66.07142857142857,141.087553024292
HCD65_Positive,69.04761904761905,166.23610925674438
HCD35_Negative,65.9574474426026,10.120875835418701
HCD45_Negative,64.8936167676398,11.449169158935547
HCD65_Negative,65.957447569421,18.514711618423462
