,Accuracy,Time
HCD35_Positive,68.45238095238095,96.4271023273468
HCD45_Positive,73.21428571428571,84.16923832893372
HCD65_Positive,69.04761904761905,101.10588788986206
HCD35_Negative,65.9574474426026,9.202174186706543
HCD45_Negative,64.8936167676398,10.764110088348389
HCD65_Negative,65.957447569421,16.7423095703125
