,Accuracy,Time
HCD35_Positive,68.45238095238095,162.5450894832611
HCD45_Positive,68.45238095238095,132.9298450946808
HCD65_Positive,69.04761904761905,211.73186898231506
HCD35_Negative,65.9574474426026,12.659998893737793
HCD45_Negative,64.8936167676398,15.826492309570312
HCD65_Negative,65.957447569421,22.099193334579468
