,Accuracy,Time
HCD35_Positive,84.52,152.08239030838013
HCD45_Positive,81.25,356.96466183662415
HCD65_Positive,80.36,344.98912477493286
HCD35_Negative,73.4,92.46298336982727
HCD45_Negative,70.21,83.96313142776489
HCD65_Negative,68.09,76.90574407577515
