,Accuracy,Time
HCD35_Positive,84.52,376.4248661994934
HCD45_Positive,81.25,383.0856726169586
HCD65_Positive,80.36,666.7803547382355
HCD35_Negative,73.4,90.67917823791504
HCD45_Negative,70.21,145.7204728126526
HCD65_Negative,68.09,187.6063268184662
