,Accuracy,Time
HCD35_Positive,71.73,0.7360012531280518
HCD45_Positive,70.83,0.7356667518615723
HCD65_Positive,65.18,0.7086002826690674
HCD35_Negative,71.28,0.07999396324157715
HCD45_Negative,67.02,0.1020803451538086
HCD65_Negative,64.89,0.1390972137451172
