,Accuracy,Time
HCD35_Positive,71.73,0.38368821144104004
HCD45_Positive,70.83,0.4226415157318115
HCD65_Positive,65.18,0.3946359157562256
HCD35_Negative,71.28,0.059803009033203125
HCD45_Negative,67.02,0.08228325843811035
HCD65_Negative,64.89,0.09158134460449219
