,Accuracy,Time
HCD35_Positive,80.06,63.60541582107544
HCD45_Positive,78.27,82.83546566963196
HCD65_Positive,77.08,82.36607599258423
HCD35_Negative,77.66,12.45344090461731
HCD45_Negative,72.34,16.123319149017334
HCD65_Negative,74.47,22.42111825942993
