,Accuracy,Time
HCD35_Positive,80.06,66.31910252571106
HCD45_Positive,78.27,76.85368943214417
HCD65_Positive,77.08,75.28598546981812
HCD35_Negative,77.66,10.544668674468994
HCD45_Negative,72.34,13.939649820327759
HCD65_Negative,74.47,19.488423585891724
